代码,名称,现价,涨跌幅,换手率,RSI14,历史期望,信号强度,全自动复盘逻辑
002674,兴业科技,15.79,7.12%,6.06%,67.05,0%,90%,【倍量起爆】 精选观察：回踩支撑位不破可试错。
600516,方大炭素,6.1,4.63%,8.16%,64.44,0%,90%,【倍量起爆】 精选观察：回踩支撑位不破可试错。
603135,中重科技,15.43,9.98%,11.98%,72.39,0%,90%,【倍量起爆】 精选观察：回踩支撑位不破可试错。
603201,XD常润股,18.05,-0.44%,3.61%,68.32,0%,90%,【倍量起爆】 精选观察：回踩支撑位不破可试错。
600630,龙头股份,8.45,0.6%,8.54%,59.57,0%,85%,【倍量起爆】 精选观察：回踩支撑位不破可试错。
600749,西藏旅游,16.17,7.87%,7.81%,53.91,6.39%,100%,【倍量起爆】 一击必中：建议次日结合分时图择机切入。
600054,黄山旅游,11.24,4.95%,3.11%,52.86,5.64%,100%,【倍量起爆】 一击必中：建议次日结合分时图择机切入。
600579,中化装备,7.09,-1.12%,7.2%,55.56,7.04%,100%,【倍量起爆】 一击必中：建议次日结合分时图择机切入。
